{
    "_comments": "This file has credentials to our personal Salesforce Instance, using customData to simulate portal behaviour",
    "live_agent": {
        "liveAgentUrl": "https://d.la11-core1.sfdc-58ktaz.salesforceliveagent.com/chat/rest",
        "organizationId": "00DgL000000YPFJ",
        "deploymentId": "572gL000000TLc9",
        "screenResolution": "1900x1080",
        "userAgent": "Mozilla/5.0",
        "apiVersion": "63",
        "language": "en-US",
        "buttonId": "573gL000000APef",
        "buttonNameUK": "USL_CS_Chat_Button",
        "BusinessHoursId": "01m7h0000000J6kAAE",
        "Priority": "2 - Medium",
        "UniqueIdentifier": "LGVacuumeCleanerChat"
    }
}
