{
  "chatEndedMsg": "Thanks for chatting with our live chat agent! Please let me know if there's anything else I can do for you.",
  "chatRequestFailMsg": "Sorry! There are no agents available right now.\n\nI am notifying our representatives to contact you",
  "agentAssignMsg": "One of our representatives will be with you shortly.",
  "sessionClosedMsg": "Thanks for chatting with our live chat agent! Please let me know if there's anything else I can do for you.",
  "onExpireMessage": "Your chat conversation has ended after too long a period of inactivity. Let us know if we can be of service with anything else",
  "noAgentAvailable": "Sorry! There are no agents available right now.\n\nI am notifying our representatives to contact you",
  "welcomeMessage": {
    "nl": "Hallo, ik ben Hoppy de virtuele assistent.",
    "en1": "Nice to meet you",
    "en2": "Welcome back"
  },
  "anythingElseAgentFailedDialog": "AnythingElseDialog scenario agentfailed",
  "anythingElseAgentSuccessDialog": "AnythingElseDialog scenario agentsuccess",
  "WhenAgentIsBusy": "All agents are currently assisting customers.",
  "afterofficeHours": "Thomson Reuters Customer Service is now closed for the day. You may Chat again during our Business Hours 9am -5:00 pm CST OR create an automated case by clicking the create a Case Button. Your Case will be handled by one of our Customer Service Representatives within 1-2 business days.",
  "ApifailMsg": "I'm sorry, something went wrong and I couldn't connect you with an agent. Please try again later."
}
